,title,url,date
0,《台北股市》Nvidia嗆辣 台積電、創意等大漲,https://tw.stock.yahoo.com/news/%E5%8F%B0%E5%8C%97%E8%82%A1%E5%B8%82-nvidia%E5%97%86%E8%BE%A3-%E5%8F%B0%E7%A9%8D%E9%9B%BB-%E5%89%B5%E6%84%8F%E7%AD%89%E5%A4%A7%E6%BC%B2-024040231.html,2023-05-25
1,Nvidia嗆辣 台積電、創意等大漲,https://tw.stock.yahoo.com/news/nvidia%E5%97%86%E8%BE%A3-%E5%8F%B0%E7%A9%8D%E9%9B%BB-%E5%89%B5%E6%84%8F%E7%AD%89%E5%A4%A7%E6%BC%B2-023300870.html,2023-05-25
2,《金融》大客戶噴漲28％內幕曝光！陸行之爆6大驚奇 台積電救世主換人,https://tw.stock.yahoo.com/news/%E9%87%91%E8%9E%8D-%E5%A4%A7%E5%AE%A2%E6%88%B6%E5%99%B4%E6%BC%B228-%E5%85%A7%E5%B9%95%E6%9B%9D%E5%85%89-%E9%99%B8%E8%A1%8C%E4%B9%8B%E7%88%866%E5%A4%A7%E9%A9%9A%E5%A5%87-%E5%8F%B0%E7%A9%8D%E9%9B%BB%E6%95%91%E4%B8%96%E4%B8%BB%E6%8F%9B%E4%BA%BA-021718168.html,2023-05-25
3,專家：輝達成救世主 台積電下半年有望復甦,https://tw.stock.yahoo.com/news/%E5%B0%88%E5%AE%B6-%E8%BC%9D%E9%81%94%E6%88%90%E6%95%91%E4%B8%96%E4%B8%BB-%E5%8F%B0%E7%A9%8D%E9%9B%BB%E4%B8%8B%E5%8D%8A%E5%B9%B4%E6%9C%89%E6%9C%9B%E5%BE%A9%E7%94%A6-012529031.html,2023-05-25
4,輝達營運展望佳 台積電開盤大漲17元市值重登14兆,https://tw.stock.yahoo.com/news/%E8%BC%9D%E9%81%94%E7%87%9F%E9%81%8B%E5%B1%95%E6%9C%9B%E4%BD%B3-%E5%8F%B0%E7%A9%8D%E9%9B%BB%E9%96%8B%E7%9B%A4%E5%A4%A7%E6%BC%B217%E5%85%83%E5%B8%82%E5%80%BC%E9%87%8D%E7%99%BB14%E5%85%86-011725502.html,2023-05-25
5,輝達助攻台積電衝鋒 台股早盤漲164點創波段高點,https://tw.stock.yahoo.com/news/%E8%BC%9D%E9%81%94%E5%8A%A9%E6%94%BB%E5%8F%B0%E7%A9%8D%E9%9B%BB%E8%A1%9D%E9%8B%92-%E5%8F%B0%E8%82%A1%E6%97%A9%E7%9B%A4%E6%BC%B2164%E9%BB%9E%E5%89%B5%E6%B3%A2%E6%AE%B5%E9%AB%98%E9%BB%9E-011518732.html,2023-05-25
6,台股大漲逾160點 台積電強拉20元至545 背後原因曝光,https://tw.stock.yahoo.com/news/%E5%8F%B0%E8%82%A1%E5%A4%A7%E6%BC%B2%E9%80%BE160%E9%BB%9E-%E5%8F%B0%E7%A9%8D%E9%9B%BB%E5%BC%B7%E6%8B%8920%E5%85%83%E8%87%B3545-%E8%83%8C%E5%BE%8C%E5%8E%9F%E5%9B%A0%E6%9B%9D%E5%85%89-010209388.html,2023-05-25
7,《各報要聞》國發基金 緊抱台積電,https://tw.stock.yahoo.com/news/%E5%90%84%E5%A0%B1%E8%A6%81%E8%81%9E-%E5%9C%8B%E7%99%BC%E5%9F%BA%E9%87%91-%E7%B7%8A%E6%8A%B1%E5%8F%B0%E7%A9%8D%E9%9B%BB-233812186.html,2023-05-24
8,台積電ADR24日下跌0.31美元跌幅0.34%折台股555.09元,https://tw.stock.yahoo.com/news/%E5%8F%B0%E7%A9%8D%E9%9B%BBadr24%E6%97%A5%E4%B8%8B%E8%B7%8C0-31%E7%BE%8E%E5%85%83%E8%B7%8C%E5%B9%850-34-%E6%8A%98%E5%8F%B0%E8%82%A1555-09%E5%85%83-220140335.html,2023-05-24
9,國發基金 緊抱台積電,https://tw.stock.yahoo.com/news/%E5%9C%8B%E7%99%BC%E5%9F%BA%E9%87%91-%E7%B7%8A%E6%8A%B1%E5%8F%B0%E7%A9%8D%E9%9B%BB-201000339.html,2023-05-24
10,《各報要聞》基辛格訪台豪語:英特爾將奪回科技制霸權,https://tw.stock.yahoo.com/news/%E5%90%84%E5%A0%B1%E8%A6%81%E8%81%9E-ceo%E5%9F%BA%E8%BE%9B%E6%A0%BC%E8%A8%AA%E5%8F%B0%E7%99%BC%E8%B1%AA%E8%AA%9E-%E8%8B%B1%E7%89%B9%E7%88%BE%E5%B0%87%E8%B6%85%E8%BB%8A%E5%8F%B0%E7%A9%8D%E9%9B%BB-233512599.html,2023-05-24
11,日本產學合作、設計7nm晶片 擬找台積電生產,https://tw.stock.yahoo.com/news/%E6%97%A5%E6%9C%AC%E7%94%A2%E5%AD%B8%E5%90%88%E4%BD%9C-%E8%A8%AD%E8%A8%887nm%E6%99%B6%E7%89%87-%E6%93%AC%E6%89%BE%E5%8F%B0%E7%A9%8D%E9%9B%BB%E7%94%9F%E7%94%A2-014800942.html,2023-05-24
12,台積電高層：赴德設廠仍在談判、最快8月拍板,https://tw.stock.yahoo.com/news/%E5%8F%B0%E7%A9%8D%E9%9B%BB%E9%AB%98%E5%B1%A4-%E8%B5%B4%E5%BE%B7%E8%A8%AD%E5%BB%A0%E4%BB%8D%E5%9C%A8%E8%AB%87%E5%88%A4-%E6%9C%80%E5%BF%AB8%E6%9C%88%E6%8B%8D%E6%9D%BF-011500301.html,2023-05-24
13,美股收黑 台積電挫低4元至526 台股下跌逾60點,https://tw.stock.yahoo.com/news/%E7%BE%8E%E8%82%A1%E6%94%B6%E9%BB%91-%E5%8F%B0%E7%A9%8D%E9%9B%BB%E6%8C%AB%E4%BD%8E4%E5%85%83%E8%87%B3526-%E5%8F%B0%E8%82%A1%E4%B8%8B%E8%B7%8C%E9%80%BE60%E9%BB%9E-010256647.html,2023-05-24
14,1分鐘讀財經》晶片庫存還是慘？台積電遭砍目標價 6字頭危險了,https://tw.stock.yahoo.com/news/1%E5%88%86%E9%90%98%E8%AE%80%E8%B2%A1%E7%B6%93-%E6%99%B6%E7%89%87%E5%BA%AB%E5%AD%98%E9%82%84%E6%98%AF%E6%85%98-%E5%8F%B0%E7%A9%8D%E9%9B%BB%E9%81%AD%E7%A0%8D%E7%9B%AE%E6%A8%99%E5%83%B9-6%E5%AD%97%E9%A0%AD%E5%8D%B1%E9%9A%AA%E4%BA%86-003225549.html,2023-05-24
15,台積電傳就德勒斯登建廠事宜持續與德國進行磋商，最快8月做出決定,https://tw.stock.yahoo.com/news/%E5%8F%B0%E7%A9%8D%E9%9B%BB%E5%82%B3%E5%B0%B1%E5%BE%B7%E5%8B%92%E6%96%AF%E7%99%BB%E5%BB%BA%E5%BB%A0%E4%BA%8B%E5%AE%9C%E6%8C%81%E7%BA%8C%E8%88%87%E5%BE%B7%E5%9C%8B%E9%80%B2%E8%A1%8C%E7%A3%8B%E5%95%86-%E6%9C%80%E5%BF%AB8%E6%9C%88%E5%81%9A%E5%87%BA%E6%B1%BA%E5%AE%9A-002511819.html,2023-05-24
16,《各報要聞》去庫存不如預期 高盛降台積電目標價,https://tw.stock.yahoo.com/news/%E5%90%84%E5%A0%B1%E8%A6%81%E8%81%9E-%E5%8E%BB%E5%BA%AB%E5%AD%98%E4%B8%8D%E5%A6%82%E9%A0%90%E6%9C%9F-%E9%AB%98%E7%9B%9B%E9%99%8D%E5%8F%B0%E7%A9%8D%E9%9B%BB%E7%9B%AE%E6%A8%99%E5%83%B9-233522493.html,2023-05-23
17,台積電ADR23日下跌1.28美元跌幅1.40%折台股556.17元,https://tw.stock.yahoo.com/news/%E5%8F%B0%E7%A9%8D%E9%9B%BBadr23%E6%97%A5%E4%B8%8B%E8%B7%8C1-28%E7%BE%8E%E5%85%83%E8%B7%8C%E5%B9%851-40-%E6%8A%98%E5%8F%B0%E8%82%A1556-17%E5%85%83-221626854.html,2023-05-23
18,去庫存不如預期 高盛降台積電目標價,https://tw.stock.yahoo.com/news/%E5%8E%BB%E5%BA%AB%E5%AD%98%E4%B8%8D%E5%A6%82%E9%A0%90%E6%9C%9F-%E9%AB%98%E7%9B%9B%E9%99%8D%E5%8F%B0%E7%A9%8D%E9%9B%BB%E7%9B%AE%E6%A8%99%E5%83%B9-201000929.html,2023-05-23
19,應材投資建立研發中心 台積電、英特爾等夥伴力挺,https://tw.stock.yahoo.com/news/%E6%87%89%E6%9D%90%E6%8A%95%E8%B3%87%E5%BB%BA%E7%AB%8B%E7%A0%94%E7%99%BC%E4%B8%AD%E5%BF%83-%E5%8F%B0%E7%A9%8D%E9%9B%BB-%E8%8B%B1%E7%89%B9%E7%88%BE%E7%AD%89%E5%A4%A5%E4%BC%B4%E5%8A%9B%E6%8C%BA-095412887.html,2023-05-23
20,台積電籌資擴建廠房設備 發行200億元公司債,https://tw.stock.yahoo.com/news/%E5%8F%B0%E7%A9%8D%E9%9B%BB%E7%B1%8C%E8%B3%87%E6%93%B4%E5%BB%BA%E5%BB%A0%E6%88%BF%E8%A8%AD%E5%82%99-%E7%99%BC%E8%A1%8C200%E5%84%84%E5%85%83%E5%85%AC%E5%8F%B8%E5%82%B5-095315922.html,2023-05-23
21,《半導體》台積電112年第3期無擔保公司債發行條件出爐,https://tw.stock.yahoo.com/news/%E5%8D%8A%E5%B0%8E%E9%AB%94-%E5%8F%B0%E7%A9%8D%E9%9B%BB112%E5%B9%B4%E7%AC%AC3%E6%9C%9F%E7%84%A1%E6%93%94%E4%BF%9D%E5%85%AC%E5%8F%B8%E5%82%B5%E7%99%BC%E8%A1%8C%E6%A2%9D%E4%BB%B6%E5%87%BA%E7%88%90-085249529.html,2023-05-23
22,【公告】台積電112年度第3期無擔保普通公司債主要發行條件,https://tw.stock.yahoo.com/news/%E5%85%AC%E5%91%8A-%E5%8F%B0%E7%A9%8D%E9%9B%BB112%E5%B9%B4%E5%BA%A6%E7%AC%AC3%E6%9C%9F%E7%84%A1%E6%93%94%E4%BF%9D%E6%99%AE%E9%80%9A%E5%85%AC%E5%8F%B8%E5%82%B5%E4%B8%BB%E8%A6%81%E7%99%BC%E8%A1%8C%E6%A2%9D%E4%BB%B6-084515862.html,2023-05-23
23,應材計畫斥資40億美元矽谷設半導體創新研發平台 台積電、超微、輝達按讚,https://tw.stock.yahoo.com/news/%E6%87%89%E6%9D%90%E8%A8%88%E7%95%AB%E6%96%A5%E8%B3%8740%E5%84%84%E7%BE%8E%E5%85%83%E7%9F%BD%E8%B0%B7%E8%A8%AD%E5%8D%8A%E5%B0%8E%E9%AB%94%E5%89%B5%E6%96%B0%E7%A0%94%E7%99%BC%E5%B9%B3%E5%8F%B0-%E5%8F%B0%E7%A9%8D%E9%9B%BB%E3%80%81%E8%B6%85%E5%BE%AE%E3%80%81%E8%BC%9D%E9%81%94%E6%8C%89%E8%AE%9A-052624578.html,2023-05-23
24,《財政》是你嗎？發票千萬大獎2張未領 超商消費90元中千萬,https://tw.stock.yahoo.com/news/%E8%B2%A1%E6%94%BF-%E6%98%AF%E4%BD%A0%E5%97%8E-%E7%99%BC%E7%A5%A8%E5%8D%83%E8%90%AC%E5%A4%A7%E7%8D%8E2%E5%BC%B5%E6%9C%AA%E9%A0%98-%E8%B6%85%E5%95%86%E6%B6%88%E8%B2%BB90%E5%85%83%E4%B8%AD%E5%8D%83%E8%90%AC-031114974.html,2023-05-23
25,日本Rapidus目標25年4月試產2nm晶片,https://tw.stock.yahoo.com/news/%E6%97%A5%E6%9C%ACrapidus%E7%9B%AE%E6%A8%9925%E5%B9%B44%E6%9C%88%E8%A9%A6%E7%94%A22nm%E6%99%B6%E7%89%87-020000190.html,2023-05-23
26,《半導體》Meta自研AI晶片 晶心科沾光,https://tw.stock.yahoo.com/news/%E5%8D%8A%E5%B0%8E%E9%AB%94-meta%E8%87%AA%E7%A0%94ai%E6%99%B6%E7%89%87-%E6%99%B6%E5%BF%83%E7%A7%91%E6%B2%BE%E5%85%89-235256142.html,2023-05-22
27,台積電市值再度超車騰訊、居亞洲之冠,https://tw.stock.yahoo.com/news/%E5%8F%B0%E7%A9%8D%E9%9B%BB%E5%B8%82%E5%80%BC%E5%86%8D%E5%BA%A6%E8%B6%85%E8%BB%8A%E9%A8%B0%E8%A8%8A-%E5%B1%85%E4%BA%9E%E6%B4%B2%E4%B9%8B%E5%86%A0-221700204.html,2023-05-22
28,台積電ADR22日下跌0.86美元跌幅0.93%折台股562.74元,https://tw.stock.yahoo.com/news/%E5%8F%B0%E7%A9%8D%E9%9B%BBadr22%E6%97%A5%E4%B8%8B%E8%B7%8C0-86%E7%BE%8E%E5%85%83%E8%B7%8C%E5%B9%850-93-%E6%8A%98%E5%8F%B0%E8%82%A1562-74%E5%85%83-220105144.html,2023-05-22
29,國外投資金額增逾2倍,https://tw.stock.yahoo.com/news/%E5%9C%8B%E5%A4%96%E6%8A%95%E8%B3%87%E9%87%91%E9%A1%8D%E5%A2%9E%E9%80%BE2%E5%80%8D-201000785.html,2023-05-22
30,大金空調 推動技職培力合作計畫,https://tw.stock.yahoo.com/news/%E5%A4%A7%E9%87%91%E7%A9%BA%E8%AA%BF-%E6%8E%A8%E5%8B%95%E6%8A%80%E8%81%B7%E5%9F%B9%E5%8A%9B%E5%90%88%E4%BD%9C%E8%A8%88%E7%95%AB-201000028.html,2023-05-22
31,國發會通過擴建楠梓科學園區,https://tw.stock.yahoo.com/news/%E5%9C%8B%E7%99%BC%E6%9C%83%E9%80%9A%E9%81%8E%E6%93%B4%E5%BB%BA%E6%A5%A0%E6%A2%93%E7%A7%91%E5%AD%B8%E5%9C%92%E5%8D%80-201000544.html,2023-05-22
32,Meta自研AI晶片 晶心科沾光,https://tw.stock.yahoo.com/news/meta%E8%87%AA%E7%A0%94ai%E6%99%B6%E7%89%87-%E6%99%B6%E5%BF%83%E7%A7%91%E6%B2%BE%E5%85%89-201000685.html,2023-05-22
33,凱基銀行總經理曹慧姝請辭 吳可君暫代,https://tw.stock.yahoo.com/news/%E5%87%B1%E5%9F%BA%E9%8A%80%E8%A1%8C%E7%B8%BD%E7%B6%93%E7%90%86%E6%9B%B9%E6%85%A7%E5%A7%9D%E8%AB%8B%E8%BE%AD-%E5%90%B3%E5%8F%AF%E5%90%9B%E6%9A%AB%E4%BB%A3-101911022.html,2023-05-22
34,【公告】台積電限制員工權利新股收回註銷完成實收資本額變更登記事宜,https://tw.stock.yahoo.com/news/%E5%85%AC%E5%91%8A-%E5%8F%B0%E7%A9%8D%E9%9B%BB%E9%99%90%E5%88%B6%E5%93%A1%E5%B7%A5%E6%AC%8A%E5%88%A9%E6%96%B0%E8%82%A1%E6%94%B6%E5%9B%9E%E8%A8%BB%E9%8A%B7%E5%AE%8C%E6%88%90%E5%AF%A6%E6%94%B6%E8%B3%87%E6%9C%AC%E9%A1%8D%E8%AE%8A%E6%9B%B4%E7%99%BB%E8%A8%98%E4%BA%8B%E5%AE%9C-100411719.html,2023-05-22
35,科技建廠進補，國產新竹廠囊括竹科六成高科技廠房訂單,https://tw.stock.yahoo.com/news/%E7%A7%91%E6%8A%80%E5%BB%BA%E5%BB%A0%E9%80%B2%E8%A3%9C-%E5%9C%8B%E7%94%A2%E6%96%B0%E7%AB%B9%E5%BB%A0%E5%9B%8A%E6%8B%AC%E7%AB%B9%E7%A7%91%E5%85%AD%E6%88%90%E9%AB%98%E7%A7%91%E6%8A%80%E5%BB%A0%E6%88%BF%E8%A8%82%E5%96%AE-041443499.html,2023-05-22
36,《今日焦點新聞》台股三軋行情 有影,https://tw.stock.yahoo.com/news/%E4%BB%8A%E6%97%A5%E7%84%A6%E9%BB%9E%E6%96%B0%E8%81%9E-%E5%8F%B0%E8%82%A1%E4%B8%89%E8%BB%8B%E8%A1%8C%E6%83%85-%E6%9C%89%E5%BD%B1-235300714.html,2023-05-21
37,台積電再戰巴菲特魔咒546元,https://tw.stock.yahoo.com/news/%E5%8F%B0%E7%A9%8D%E9%9B%BB%E5%86%8D%E6%88%B0%E5%B7%B4%E8%8F%B2%E7%89%B9%E9%AD%94%E5%92%92546%E5%85%83-201000070.html,2023-05-21
38,《產業》談半導體人才短缺 蔡英文：透過良性競爭吸引全球人才,https://tw.stock.yahoo.com/news/%E7%94%A2%E6%A5%AD-%E8%AB%87%E5%8D%8A%E5%B0%8E%E9%AB%94%E4%BA%BA%E6%89%8D%E7%9F%AD%E7%BC%BA-%E8%94%A1%E8%8B%B1%E6%96%87-%E9%80%8F%E9%81%8E%E8%89%AF%E6%80%A7%E7%AB%B6%E7%88%AD%E5%90%B8%E5%BC%95%E5%85%A8%E7%90%83%E4%BA%BA%E6%89%8D-030337333.html,2023-05-20
39,如何看台積電赴美日？蔡英文揭關鍵1點：國發會將說明,https://tw.stock.yahoo.com/news/%E5%A6%82%E4%BD%95%E7%9C%8B%E5%8F%B0%E7%A9%8D%E9%9B%BB%E8%B5%B4%E7%BE%8E%E6%97%A5-%E8%94%A1%E8%8B%B1%E6%96%87%E6%8F%AD%E9%97%9C%E9%8D%B51%E9%BB%9E-%E5%9C%8B%E7%99%BC%E6%9C%83%E5%B0%87%E8%AA%AA%E6%98%8E-024940700.html,2023-05-20
40,台積電ADR19日下跌0.07美元跌幅0.08%折台股568.11元,https://tw.stock.yahoo.com/news/%E5%8F%B0%E7%A9%8D%E9%9B%BBadr19%E6%97%A5%E4%B8%8B%E8%B7%8C0-07%E7%BE%8E%E5%85%83%E8%B7%8C%E5%B9%850-08-%E6%8A%98%E5%8F%B0%E8%82%A1568-11%E5%85%83-221632607.html,2023-05-19
41,台積電效應退燒？他揭高雄預售市場慘況：有案子1戶都沒賣掉,https://tw.stock.yahoo.com/news/%E5%8F%B0%E7%A9%8D%E9%9B%BB%E6%95%88%E6%87%89%E9%80%80%E7%87%92-%E4%BB%96%E6%8F%AD%E9%AB%98%E9%9B%84%E9%A0%90%E5%94%AE%E5%B8%82%E5%A0%B4%E6%85%98%E6%B3%81-%E6%9C%89%E6%A1%88%E5%AD%901%E6%88%B6%E9%83%BD%E6%B2%92%E8%B3%A3%E6%8E%89-210009276.html,2023-05-19
42,菲律賓股市 央行暫停升息 指數衝一周新高,https://tw.stock.yahoo.com/news/%E8%8F%B2%E5%BE%8B%E8%B3%93%E8%82%A1%E5%B8%82-%E5%A4%AE%E8%A1%8C%E6%9A%AB%E5%81%9C%E5%8D%87%E6%81%AF-%E6%8C%87%E6%95%B8%E8%A1%9D-%E5%91%A8%E6%96%B0%E9%AB%98-201000341.html,2023-05-19
43,〈房產〉迎未來五年4.5萬就業人口 高雄套房交易價量齊揚,https://tw.stock.yahoo.com/news/%E6%88%BF%E7%94%A2-%E8%BF%8E%E6%9C%AA%E4%BE%86%E4%BA%94%E5%B9%B44-5%E8%90%AC%E5%B0%B1%E6%A5%AD%E4%BA%BA%E5%8F%A3-%E9%AB%98%E9%9B%84%E5%A5%97%E6%88%BF%E4%BA%A4%E6%98%93%E5%83%B9%E9%87%8F%E9%BD%8A%E6%8F%9A-084710292.html,2023-05-19
44,三星3奈米追上台積電了？他爆大客戶高通回頭：兩家都押寶,https://tw.stock.yahoo.com/news/%E4%B8%89%E6%98%9F3%E5%A5%88%E7%B1%B3%E8%BF%BD%E4%B8%8A%E5%8F%B0%E7%A9%8D%E9%9B%BB%E4%BA%86-%E4%BB%96%E7%88%86%E5%A4%A7%E5%AE%A2%E6%88%B6%E9%AB%98%E9%80%9A%E5%9B%9E%E9%A0%AD-%E5%85%A9%E5%AE%B6%E9%83%BD%E6%8A%BC%E5%AF%B6-055639968.html,2023-05-19
45,台美歐韓晶片廠擴大對日投資、金額逾2兆日圓,https://tw.stock.yahoo.com/news/%E5%8F%B0%E7%BE%8E%E6%AD%90%E9%9F%93%E6%99%B6%E7%89%87%E5%BB%A0%E6%93%B4%E5%A4%A7%E5%B0%8D%E6%97%A5%E6%8A%95%E8%B3%87-%E9%87%91%E9%A1%8D%E9%80%BE2%E5%85%86%E6%97%A5%E5%9C%93-051500464.html,2023-05-19
46,效能一致？傳高通同時託台積、三星代工4代驍龍8,https://tw.stock.yahoo.com/news/%E6%95%88%E8%83%BD-%E8%87%B4-%E5%82%B3%E9%AB%98%E9%80%9A%E5%90%8C%E6%99%82%E8%A8%97%E5%8F%B0%E7%A9%8D-%E4%B8%89%E6%98%9F%E4%BB%A3%E5%B7%A54%E4%BB%A3%E9%A9%8D%E9%BE%8D8-042000553.html,2023-05-19
47,曾在台積電實習 回鍋卻碰壁！他爆內幕被「超級HR」刷掉了,https://tw.stock.yahoo.com/news/%E6%9B%BE%E5%9C%A8%E5%8F%B0%E7%A9%8D%E9%9B%BB%E5%AF%A6%E7%BF%92-%E5%9B%9E%E9%8D%8B%E5%8D%BB%E7%A2%B0%E5%A3%81-%E4%BB%96%E7%88%86%E5%85%A7%E5%B9%95%E8%A2%AB-%E8%B6%85%E7%B4%9Ahr-%E5%88%B7%E6%8E%89%E4%BA%86-033509675.html,2023-05-19
48,日股創高，台股跟進轉強，台積電重回升勢，軍工股有望再攻,https://tw.stock.yahoo.com/news/%E6%97%A5%E8%82%A1%E5%89%B5%E9%AB%98-%E5%8F%B0%E8%82%A1%E8%B7%9F%E9%80%B2%E8%BD%89%E5%BC%B7-%E5%8F%B0%E7%A9%8D%E9%9B%BB%E9%87%8D%E5%9B%9E%E5%8D%87%E5%8B%A2-%E8%BB%8D%E5%B7%A5%E8%82%A1%E6%9C%89%E6%9C%9B%E5%86%8D%E6%94%BB-033446975.html,2023-05-19
49,台積電領先關鍵 張忠謀：高額研發經費與核心價值,https://tw.stock.yahoo.com/news/%E5%8F%B0%E7%A9%8D%E9%9B%BB%E9%A0%98%E5%85%88%E9%97%9C%E9%8D%B5-%E5%BC%B5%E5%BF%A0%E8%AC%80-%E9%AB%98%E9%A1%8D%E7%A0%94%E7%99%BC%E7%B6%93%E8%B2%BB%E8%88%87%E6%A0%B8%E5%BF%83%E5%83%B9%E5%80%BC-032335016.html,2023-05-19
50,《美股》焦點股：台積電夥伴新思飆漲；應材業績財測雙喜,https://tw.stock.yahoo.com/news/%E7%BE%8E%E8%82%A1-%E7%84%A6%E9%BB%9E%E8%82%A1-%E5%8F%B0%E7%A9%8D%E9%9B%BB%E5%A4%A5%E4%BC%B4%E6%96%B0%E6%80%9D%E9%A3%86%E6%BC%B2-%E6%87%89%E6%9D%90%E6%A5%AD%E7%B8%BE%E8%B2%A1%E6%B8%AC%E9%9B%99%E5%96%9C-012829402.html,2023-05-19
51,費半狂飆助攻 台積電漲5元至535 台股勁揚逾70點,https://tw.stock.yahoo.com/news/%E8%B2%BB%E5%8D%8A%E7%8B%82%E9%A3%86%E5%8A%A9%E6%94%BB-%E5%8F%B0%E7%A9%8D%E9%9B%BB%E6%BC%B25%E5%85%83%E8%87%B3535-%E5%8F%B0%E8%82%A1%E5%8B%81%E6%8F%9A%E9%80%BE70%E9%BB%9E-010117860.html,2023-05-19
52,Meta揭露初代AI晶片細節、採台積電7奈米製程,https://tw.stock.yahoo.com/news/meta%E6%8F%AD%E9%9C%B2%E5%88%9D%E4%BB%A3ai%E6%99%B6%E7%89%87%E7%B4%B0%E7%AF%80-%E6%8E%A1%E5%8F%B0%E7%A9%8D%E9%9B%BB7%E5%A5%88%E7%B1%B3%E8%A3%BD%E7%A8%8B-005100957.html,2023-05-19
53,台積電ADR18日上漲1.77美元漲幅1.95%折台股570.09元,https://tw.stock.yahoo.com/news/%E5%8F%B0%E7%A9%8D%E9%9B%BBadr18%E6%97%A5%E4%B8%8A%E6%BC%B21-77%E7%BE%8E%E5%85%83%E6%BC%B2%E5%B9%851-95-%E6%8A%98%E5%8F%B0%E8%82%A1570-09%E5%85%83-004155460.html,2023-05-19
54,《台北股市》三大法人18日買超股：開發金、台積電、緯創,https://tw.stock.yahoo.com/news/%E5%8F%B0%E5%8C%97%E8%82%A1%E5%B8%82-%E4%B8%89%E5%A4%A7%E6%B3%95%E4%BA%BA18%E6%97%A5%E8%B2%B7%E8%B6%85%E8%82%A1-%E9%96%8B%E7%99%BC%E9%87%91-%E5%8F%B0%E7%A9%8D%E9%9B%BB-%E7%B7%AF%E5%89%B5-235256327.html,2023-05-18
55,《科技》廣達砸重金 挺矽谷創投家,https://tw.stock.yahoo.com/news/%E7%A7%91%E6%8A%80-%E5%BB%A3%E9%81%94%E7%A0%B8%E9%87%8D%E9%87%91-%E6%8C%BA%E7%9F%BD%E8%B0%B7%E5%89%B5%E6%8A%95%E5%AE%B6-234745001.html,2023-05-18
56,《各報要聞》舊愛還是最美 主權基金、勞退 齊步加碼台積電,https://tw.stock.yahoo.com/news/%E5%90%84%E5%A0%B1%E8%A6%81%E8%81%9E-%E8%88%8A%E6%84%9B%E9%82%84%E6%98%AF%E6%9C%80%E7%BE%8E-%E4%B8%BB%E6%AC%8A%E5%9F%BA%E9%87%91-%E5%8B%9E%E9%80%80-%E9%BD%8A%E6%AD%A5%E5%8A%A0%E7%A2%BC%E5%8F%B0%E7%A9%8D%E9%9B%BB-233853762.html,2023-05-18
57,《各報要聞》日本祭補貼 重振半導體雄風,https://tw.stock.yahoo.com/news/%E5%90%84%E5%A0%B1%E8%A6%81%E8%81%9E-%E6%97%A5%E6%9C%AC%E7%A5%AD%E8%A3%9C%E8%B2%BC-%E9%87%8D%E6%8C%AF%E5%8D%8A%E5%B0%8E%E9%AB%94%E9%9B%84%E9%A2%A8-233847328.html,2023-05-18
58,〈台股盤前要聞〉台股登萬六外資狂掃貨、富邦金看股債後市 今日必看財經新聞,https://tw.stock.yahoo.com/news/%E5%8F%B0%E8%82%A1%E7%9B%A4%E5%89%8D%E8%A6%81%E8%81%9E-%E5%8F%B0%E8%82%A1%E7%99%BB%E8%90%AC%E5%85%AD%E5%A4%96%E8%B3%87%E7%8B%82%E6%8E%83%E8%B2%A8-%E5%AF%8C%E9%82%A6%E9%87%91%E7%9C%8B%E8%82%A1%E5%82%B5%E5%BE%8C%E5%B8%82-%E4%BB%8A%E6%97%A5%E5%BF%85%E7%9C%8B%E8%B2%A1%E7%B6%93%E6%96%B0%E8%81%9E-211004097.html,2023-05-18
59,台積電叛將遭致命一擊？中芯14奈米下場曝 挖出這1幕眾人驚呆了,https://tw.stock.yahoo.com/news/%E5%8F%B0%E7%A9%8D%E9%9B%BB%E5%8F%9B%E5%B0%87%E9%81%AD%E8%87%B4%E5%91%BD-%E6%93%8A-%E4%B8%AD%E8%8A%AF14%E5%A5%88%E7%B1%B3%E4%B8%8B%E5%A0%B4%E6%9B%9D-%E6%8C%96%E5%87%BA%E9%80%991%E5%B9%95%E7%9C%BE%E4%BA%BA%E9%A9%9A%E5%91%86%E4%BA%86-210039495.html,2023-05-18
60,舊愛還是最美 主權基金、勞退 齊步加碼台積電,https://tw.stock.yahoo.com/news/%E8%88%8A%E6%84%9B%E9%82%84%E6%98%AF%E6%9C%80%E7%BE%8E-%E4%B8%BB%E6%AC%8A%E5%9F%BA%E9%87%91-%E5%8B%9E%E9%80%80-%E9%BD%8A%E6%AD%A5%E5%8A%A0%E7%A2%BC%E5%8F%B0%E7%A9%8D%E9%9B%BB-201000346.html,2023-05-18
61,日本祭補貼 重振半導體雄風,https://tw.stock.yahoo.com/news/%E6%97%A5%E6%9C%AC%E7%A5%AD%E8%A3%9C%E8%B2%BC-%E9%87%8D%E6%8C%AF%E5%8D%8A%E5%B0%8E%E9%AB%94%E9%9B%84%E9%A2%A8-201000592.html,2023-05-18
62,美光在日投資37億美元 導入EUV技術,https://tw.stock.yahoo.com/news/%E7%BE%8E%E5%85%89%E5%9C%A8%E6%97%A5%E6%8A%95%E8%B3%8737%E5%84%84%E7%BE%8E%E5%85%83-%E5%B0%8E%E5%85%A5euv%E6%8A%80%E8%A1%93-201000826.html,2023-05-18
63,海鼎風場環差補件再審,https://tw.stock.yahoo.com/news/%E6%B5%B7%E9%BC%8E%E9%A2%A8%E5%A0%B4%E7%92%B0%E5%B7%AE%E8%A3%9C%E4%BB%B6%E5%86%8D%E5%AF%A9-201000361.html,2023-05-18
64,廣達砸重金 挺矽谷創投家,https://tw.stock.yahoo.com/news/%E5%BB%A3%E9%81%94%E7%A0%B8%E9%87%8D%E9%87%91-%E6%8C%BA%E7%9F%BD%E8%B0%B7%E5%89%B5%E6%8A%95%E5%AE%B6-201000629.html,2023-05-18
65,日本首相會晶片大咖 專家：因應地緣政治強化產業鏈,https://tw.stock.yahoo.com/news/%E6%97%A5%E6%9C%AC%E9%A6%96%E7%9B%B8%E6%9C%83%E6%99%B6%E7%89%87%E5%A4%A7%E5%92%96-%E5%B0%88%E5%AE%B6-%E5%9B%A0%E6%87%89%E5%9C%B0%E7%B7%A3%E6%94%BF%E6%B2%BB%E5%BC%B7%E5%8C%96%E7%94%A2%E6%A5%AD%E9%8F%88-112219340.html,2023-05-18
66,與日相會談 劉德音：持續投資日本,https://tw.stock.yahoo.com/news/%E8%88%87%E6%97%A5%E7%9B%B8%E6%9C%83%E8%AB%87-%E5%8A%89%E5%BE%B7%E9%9F%B3-%E6%8C%81%E7%BA%8C%E6%8A%95%E8%B3%87%E6%97%A5%E6%9C%AC-100500707.html,2023-05-18
67,《半導體》與日相會談 劉德音：台積電續投資日本、強化合作,https://tw.stock.yahoo.com/news/%E5%8D%8A%E5%B0%8E%E9%AB%94-%E8%88%87%E6%97%A5%E7%9B%B8%E6%9C%83%E8%AB%87-%E5%8A%89%E5%BE%B7%E9%9F%B3-%E5%8F%B0%E7%A9%8D%E9%9B%BB%E7%BA%8C%E6%8A%95%E8%B3%87%E6%97%A5%E6%9C%AC-%E5%BC%B7%E5%8C%96%E5%90%88%E4%BD%9C-090539785.html,2023-05-18
68,台積電受邀會談，劉德音稱將透過創新措施加強與日本半導體夥伴合作,https://tw.stock.yahoo.com/news/%E5%8F%B0%E7%A9%8D%E9%9B%BB%E5%8F%97%E9%82%80%E6%9C%83%E8%AB%87-%E5%8A%89%E5%BE%B7%E9%9F%B3%E7%A8%B1%E5%B0%87%E9%80%8F%E9%81%8E%E5%89%B5%E6%96%B0%E6%8E%AA%E6%96%BD%E5%8A%A0%E5%BC%B7%E8%88%87%E6%97%A5%E6%9C%AC%E5%8D%8A%E5%B0%8E%E9%AB%94%E5%A4%A5%E4%BC%B4%E5%90%88%E4%BD%9C-084139498.html,2023-05-18
69,台積電、半導體高層受邀與岸田會談 劉德音：對日強化半導體生態系措施印象深刻,https://tw.stock.yahoo.com/news/%E5%8F%B0%E7%A9%8D%E9%9B%BB%E3%80%81%E5%8D%8A%E5%B0%8E%E9%AB%94%E9%AB%98%E5%B1%A4%E5%8F%97%E9%82%80%E8%88%87%E5%B2%B8%E7%94%B0%E6%9C%83%E8%AB%87-%E5%8A%89%E5%BE%B7%E9%9F%B3%EF%BC%9A%E5%B0%8D%E6%97%A5%E5%BC%B7%E5%8C%96%E5%8D%8A%E5%B0%8E%E9%AB%94%E7%94%9F%E6%85%8B%E7%B3%BB%E6%8E%AA%E6%96%BD%E5%8D%B0%E8%B1%A1%E6%B7%B1%E5%88%BB-083935039.html,2023-05-18
70,沒了台積電…華為爆1款新晶片驚人突破！專家：大陸就能生產,https://tw.stock.yahoo.com/news/%E6%B2%92%E4%BA%86%E5%8F%B0%E7%A9%8D%E9%9B%BB-%E8%8F%AF%E7%82%BA%E7%88%861%E6%AC%BE%E6%96%B0%E6%99%B6%E7%89%87%E9%A9%9A%E4%BA%BA%E7%AA%81%E7%A0%B4-%E5%B0%88%E5%AE%B6-%E5%A4%A7%E9%99%B8%E5%B0%B1%E8%83%BD%E7%94%9F%E7%94%A2-081053476.html,2023-05-18
71,獲邀日首相官邸會談 劉德音：台積電將持續投資日本,https://tw.stock.yahoo.com/news/%E7%8D%B2%E9%82%80%E6%97%A5%E9%A6%96%E7%9B%B8%E5%AE%98%E9%82%B8%E6%9C%83%E8%AB%87-%E5%8A%89%E5%BE%B7%E9%9F%B3-%E5%8F%B0%E7%A9%8D%E9%9B%BB%E5%B0%87%E6%8C%81%E7%BA%8C%E6%8A%95%E8%B3%87%E6%97%A5%E6%9C%AC-080608760.html,2023-05-18
72,《台北股市》外資再掃295億 自營商補逾百億 三大法人買超420億元,https://tw.stock.yahoo.com/news/%E5%8F%B0%E5%8C%97%E8%82%A1%E5%B8%82-%E5%A4%96%E8%B3%87%E5%86%8D%E6%8E%83295%E5%84%84-%E8%87%AA%E7%87%9F%E5%95%86%E8%A3%9C%E9%80%BE%E7%99%BE%E5%84%84-%E4%B8%89%E5%A4%A7%E6%B3%95%E4%BA%BA%E8%B2%B7%E8%B6%85420%E5%84%84%E5%85%83-072227964.html,2023-05-18
73,台股奔上萬六 外資再掃295億 三大法人買超420.44億元,https://tw.stock.yahoo.com/news/%E5%8F%B0%E8%82%A1%E5%A5%94%E4%B8%8A%E8%90%AC%E5%85%AD-%E5%A4%96%E8%B3%87%E5%86%8D%E6%8E%83295%E5%84%84-%E4%B8%89%E5%A4%A7%E6%B3%95%E4%BA%BA%E8%B2%B7%E8%B6%85420-44%E5%84%84%E5%85%83-070011998.html,2023-05-18
74,台積電擴大投資 日官員：獲多項晶片廠投資提案,https://tw.stock.yahoo.com/news/%E5%8F%B0%E7%A9%8D%E9%9B%BB%E6%93%B4%E5%A4%A7%E6%8A%95%E8%B3%87-%E6%97%A5%E5%AE%98%E5%93%A1-%E7%8D%B2%E5%A4%9A%E9%A0%85%E6%99%B6%E7%89%87%E5%BB%A0%E6%8A%95%E8%B3%87%E6%8F%90%E6%A1%88-051500164.html,2023-05-18
75,台積電合作夥伴新思科技財報勝預期 看好AI帶財,https://tw.stock.yahoo.com/news/%E5%8F%B0%E7%A9%8D%E9%9B%BB%E5%90%88%E4%BD%9C%E5%A4%A5%E4%BC%B4%E6%96%B0%E6%80%9D%E7%A7%91%E6%8A%80%E8%B2%A1%E5%A0%B1%E5%8B%9D%E9%A0%90%E6%9C%9F-%E7%9C%8B%E5%A5%BDai%E5%B8%B6%E8%B2%A1-044000737.html,2023-05-18
76,看好台積電擴大在日投資 供應商緊追隨,https://tw.stock.yahoo.com/news/%E7%9C%8B%E5%A5%BD%E5%8F%B0%E7%A9%8D%E9%9B%BB%E6%93%B4%E5%A4%A7%E5%9C%A8%E6%97%A5%E6%8A%95%E8%B3%87-%E4%BE%9B%E6%87%89%E5%95%86%E7%B7%8A%E8%BF%BD%E9%9A%A8-031100030.html,2023-05-18
77,熱門股：台積電(2330)、零壹(3029)、達興材(5234)、華孚(6235)、華城(1519),https://tw.stock.yahoo.com/news/%E7%86%B1%E9%96%80%E8%82%A1-%E5%8F%B0%E7%A9%8D%E9%9B%BB-2330-%E9%9B%B6%E5%A3%B9-3029-025938032.html,2023-05-18
78,《美股掃瞄》美股大漲 台積電ADR飆漲近6%,https://tw.stock.yahoo.com/news/%E7%BE%8E%E8%82%A1%E6%8E%83%E7%9E%84-%E7%BE%8E%E8%82%A1%E5%A4%A7%E6%BC%B2-%E5%8F%B0%E7%A9%8D%E9%9B%BBadr%E9%A3%86%E6%BC%B2%E8%BF%916-000018688.html,2023-05-18
79,《台北股市》台積電、聯發科 醞釀攻堅,https://tw.stock.yahoo.com/news/%E5%8F%B0%E5%8C%97%E8%82%A1%E5%B8%82-%E5%8F%B0%E7%A9%8D%E9%9B%BB-%E8%81%AF%E7%99%BC%E7%A7%91-%E9%86%9E%E9%87%80%E6%94%BB%E5%A0%85-235947972.html,2023-05-17
80,Intel展示封裝與代工策略、股價反跌 台積ADR飆,https://tw.stock.yahoo.com/news/intel%E5%B1%95%E7%A4%BA%E5%B0%81%E8%A3%9D%E8%88%87%E4%BB%A3%E5%B7%A5%E7%AD%96%E7%95%A5-%E8%82%A1%E5%83%B9%E5%8F%8D%E8%B7%8C-%E5%8F%B0%E7%A9%8Dadr%E9%A3%86-235700759.html,2023-05-17
81,台積電ADR17日上漲5美元漲幅5.82%折台股560.13元,https://tw.stock.yahoo.com/news/%E5%8F%B0%E7%A9%8D%E9%9B%BBadr17%E6%97%A5%E4%B8%8A%E6%BC%B25%E7%BE%8E%E5%85%83%E6%BC%B2%E5%B9%855-82-%E6%8A%98%E5%8F%B0%E8%82%A1560-13%E5%85%83-215607382.html,2023-05-17
82,台積電聯發科 醞釀攻堅,https://tw.stock.yahoo.com/news/%E5%8F%B0%E7%A9%8D%E9%9B%BB%E8%81%AF%E7%99%BC%E7%A7%91-%E9%86%9E%E9%87%80%E6%94%BB%E5%A0%85-201000178.html,2023-05-17
83,壯大日本半導體 岸田今會劉德音,https://tw.stock.yahoo.com/news/%E5%A3%AF%E5%A4%A7%E6%97%A5%E6%9C%AC%E5%8D%8A%E5%B0%8E%E9%AB%94-%E5%B2%B8%E7%94%B0%E4%BB%8A%E6%9C%83%E5%8A%89%E5%BE%B7%E9%9F%B3-201000439.html,2023-05-17
84,美股3大指數開高 道瓊漲逾百點 台積電ADR大漲3.6％,https://tw.stock.yahoo.com/news/%E7%BE%8E%E8%82%A13%E5%A4%A7%E6%8C%87%E6%95%B8%E9%96%8B%E9%AB%98-%E9%81%93%E7%93%8A%E6%BC%B2%E9%80%BE%E7%99%BE%E9%BB%9E-%E5%8F%B0%E7%A9%8D%E9%9B%BBadr%E5%A4%A7%E6%BC%B23-6-135054361.html,2023-05-17
85,台積電多頭再起、台股大漲 劉坤錫：景氣不明「萬六」有壓力,https://tw.stock.yahoo.com/news/%E5%8F%B0%E7%A9%8D%E9%9B%BB%E5%A4%9A%E9%A0%AD%E5%86%8D%E8%B5%B7-%E5%8F%B0%E8%82%A1%E5%A4%A7%E6%BC%B2-%E5%8A%89%E5%9D%A4%E9%8C%AB-%E6%99%AF%E6%B0%A3%E4%B8%8D%E6%98%8E-%E8%90%AC%E5%85%AD-111751369.html,2023-05-17
86,巴菲特爆不喜歡台積電的地點 陸竟吐了17字回應,https://tw.stock.yahoo.com/news/%E5%B7%B4%E8%8F%B2%E7%89%B9%E7%88%86%E4%B8%8D%E5%96%9C%E6%AD%A1%E5%8F%B0%E7%A9%8D%E9%9B%BB%E7%9A%84%E5%9C%B0%E9%BB%9E-%E9%99%B8%E7%AB%9F%E5%90%90%E4%BA%8617%E5%AD%97%E5%9B%9E%E6%87%89-103244357.html,2023-05-17
87,岸田文雄傳邀半導體廠會談 台積電證實劉德音受邀,https://tw.stock.yahoo.com/news/%E5%B2%B8%E7%94%B0%E6%96%87%E9%9B%84%E5%82%B3%E9%82%80%E5%8D%8A%E5%B0%8E%E9%AB%94%E5%BB%A0%E6%9C%83%E8%AB%87-%E5%8F%B0%E7%A9%8D%E9%9B%BB%E8%AD%89%E5%AF%A6%E5%8A%89%E5%BE%B7%E9%9F%B3%E5%8F%97%E9%82%80-081935238.html,2023-05-17
88,被美晶片封殺逼急！陸企取得技術驚天手法曝：台積電也中招,https://tw.stock.yahoo.com/news/%E8%A2%AB%E7%BE%8E%E6%99%B6%E7%89%87%E5%B0%81%E6%AE%BA%E9%80%BC%E6%80%A5-%E9%99%B8%E4%BC%81%E5%8F%96%E5%BE%97%E6%8A%80%E8%A1%93%E9%A9%9A%E5%A4%A9%E6%89%8B%E6%B3%95%E6%9B%9D-%E5%8F%B0%E7%A9%8D%E9%9B%BB%E4%B9%9F%E4%B8%AD%E6%8B%9B-075509464.html,2023-05-17
89,日本首相邀官邸會談 台積電證實劉德音受邀與會,https://tw.stock.yahoo.com/news/%E6%97%A5%E6%9C%AC%E9%A6%96%E7%9B%B8%E9%82%80%E5%AE%98%E9%82%B8%E6%9C%83%E8%AB%87-%E5%8F%B0%E7%A9%8D%E9%9B%BB%E8%AD%89%E5%AF%A6%E5%8A%89%E5%BE%B7%E9%9F%B3%E5%8F%97%E9%82%80%E8%88%87%E6%9C%83-071251355.html,2023-05-17
90,美稱大陸犯台要「炸毀台積電」 國台辦忍了14天終於回應了,https://tw.stock.yahoo.com/news/%E7%BE%8E%E7%A8%B1%E5%A4%A7%E9%99%B8%E7%8A%AF%E5%8F%B0%E8%A6%81-%E7%82%B8%E6%AF%80%E5%8F%B0%E7%A9%8D%E9%9B%BB-%E5%9C%8B%E5%8F%B0%E8%BE%A6%E5%BF%8D%E4%BA%8614%E5%A4%A9%E7%B5%82%E6%96%BC%E5%9B%9E%E6%87%89%E4%BA%86-064020109.html,2023-05-17
91,【台股盤後】收復15900點 半導體、汽車族群助威,https://tw.stock.yahoo.com/news/%E5%8F%B0%E8%82%A1%E7%9B%A4%E5%BE%8C-%E6%94%B6%E5%BE%A915900%E9%BB%9E-%E5%8D%8A%E5%B0%8E%E9%AB%94-%E6%B1%BD%E8%BB%8A%E6%97%8F%E7%BE%A4%E5%8A%A9%E5%A8%81-054929784.html,2023-05-17
92,《科技》全球唯3之一 謝明傑：台智雲獲期許為算力業台積電,https://tw.stock.yahoo.com/news/%E7%A7%91%E6%8A%80-%E5%85%A8%E7%90%83%E5%94%AF3%E4%B9%8B-%E8%AC%9D%E6%98%8E%E5%82%91-%E5%8F%B0%E6%99%BA%E9%9B%B2%E7%8D%B2%E6%9C%9F%E8%A8%B1%E7%82%BA%E7%AE%97%E5%8A%9B%E6%A5%AD%E5%8F%B0%E7%A9%8D%E9%9B%BB-052842088.html,2023-05-17
93,岸田文雄最快週四與台積電、IBM、美光等全球晶片商高層會談,https://tw.stock.yahoo.com/news/%E5%B2%B8%E7%94%B0%E6%96%87%E9%9B%84%E6%9C%80%E5%BF%AB%E9%80%B1%E5%9B%9B%E8%88%87%E5%8F%B0%E7%A9%8D%E9%9B%BB-ibm-%E7%BE%8E%E5%85%89%E7%AD%89%E5%85%A8%E7%90%83%E6%99%B6%E7%89%87%E5%95%86%E9%AB%98%E5%B1%A4%E6%9C%83%E8%AB%87-020541467.html,2023-05-17
94,罕見 台美韓半導體大廠傳齊聚一堂和日相會談,https://tw.stock.yahoo.com/news/%E7%BD%95%E8%A6%8B-%E5%8F%B0%E7%BE%8E%E9%9F%93%E5%8D%8A%E5%B0%8E%E9%AB%94%E5%A4%A7%E5%BB%A0%E5%82%B3%E9%BD%8A%E8%81%9A-%E5%A0%82%E5%92%8C%E6%97%A5%E7%9B%B8%E6%9C%83%E8%AB%87-020400241.html,2023-05-17
95,觀望美債上限談判 台股小漲40點 台積電漲4元至509,https://tw.stock.yahoo.com/news/%E8%A7%80%E6%9C%9B%E7%BE%8E%E5%82%B5%E4%B8%8A%E9%99%90%E8%AB%87%E5%88%A4-%E5%8F%B0%E8%82%A1%E5%B0%8F%E6%BC%B240%E9%BB%9E-%E5%8F%B0%E7%A9%8D%E9%9B%BB%E6%BC%B24%E5%85%83%E8%87%B3509-010245733.html,2023-05-17
96,《各報要聞》波克夏出清台積 四巨擘搶接,https://tw.stock.yahoo.com/news/%E5%90%84%E5%A0%B1%E8%A6%81%E8%81%9E-%E6%B3%A2%E5%85%8B%E5%A4%8F%E5%87%BA%E6%B8%85%E5%8F%B0%E7%A9%8D-%E5%9B%9B%E5%B7%A8%E6%93%98%E6%90%B6%E6%8E%A5-233652680.html,2023-05-16
97,台積電ADR16日上漲0.22美元漲幅0.26%折台股529.11元,https://tw.stock.yahoo.com/news/%E5%8F%B0%E7%A9%8D%E9%9B%BBadr16%E6%97%A5%E4%B8%8A%E6%BC%B20-22%E7%BE%8E%E5%85%83%E6%BC%B2%E5%B9%850-26-%E6%8A%98%E5%8F%B0%E8%82%A1529-11%E5%85%83-221116484.html,2023-05-16
98,神山後市 外資：看下半年復甦,https://tw.stock.yahoo.com/news/%E7%A5%9E%E5%B1%B1%E5%BE%8C%E5%B8%82-%E5%A4%96%E8%B3%87-%E7%9C%8B%E4%B8%8B%E5%8D%8A%E5%B9%B4%E5%BE%A9%E7%94%A6-201000659.html,2023-05-16
99,波克夏出清台積 四巨擘搶接,https://tw.stock.yahoo.com/news/%E6%B3%A2%E5%85%8B%E5%A4%8F%E5%87%BA%E6%B8%85%E5%8F%B0%E7%A9%8D-%E5%9B%9B%E5%B7%A8%E6%93%98%E6%90%B6%E6%8E%A5-201000273.html,2023-05-16
100,《產業》恩智浦攜手台積電 推首款車用16奈米FinFET嵌入式MRAM,https://tw.stock.yahoo.com/news/%E7%94%A2%E6%A5%AD-%E6%81%A9%E6%99%BA%E6%B5%A6%E6%94%9C%E6%89%8B%E5%8F%B0%E7%A9%8D%E9%9B%BB-%E6%8E%A8%E9%A6%96%E6%AC%BE%E8%BB%8A%E7%94%A816%E5%A5%88%E7%B1%B3finfet%E5%B5%8C%E5%85%A5%E5%BC%8Fmram-085939037.html,2023-05-16
101,美國為何鼓吹台海危機？陳文茜曝心機盤算：為重振美半導體業,https://tw.stock.yahoo.com/news/%E7%BE%8E%E5%9C%8B%E7%82%BA%E4%BD%95%E9%BC%93%E5%90%B9%E5%8F%B0%E6%B5%B7%E5%8D%B1%E6%A9%9F-%E9%99%B3%E6%96%87%E8%8C%9C%E6%9B%9D%E5%BF%83%E6%A9%9F%E7%9B%A4%E7%AE%97-%E7%82%BA%E9%87%8D%E6%8C%AF%E7%BE%8E%E5%8D%8A%E5%B0%8E%E9%AB%94%E6%A5%AD-084509142.html,2023-05-16
102,《國際金融》台積電你丟我撿 股神賣光光、對沖基金看好,https://tw.stock.yahoo.com/news/%E5%9C%8B%E9%9A%9B%E9%87%91%E8%9E%8D-%E5%8F%B0%E7%A9%8D%E9%9B%BB%E4%BD%A0%E4%B8%9F%E6%88%91%E6%92%BF-%E8%82%A1%E7%A5%9E%E8%B3%A3%E5%85%89%E5%85%89-%E5%B0%8D%E6%B2%96%E5%9F%BA%E9%87%91%E7%9C%8B%E5%A5%BD-041631045.html,2023-05-16
103,股神巴菲特出清台積電ADR 法人：影響有限,https://tw.stock.yahoo.com/news/%E8%82%A1%E7%A5%9E%E5%B7%B4%E8%8F%B2%E7%89%B9%E5%87%BA%E6%B8%85%E5%8F%B0%E7%A9%8D%E9%9B%BBadr-%E6%B3%95%E4%BA%BA-%E5%BD%B1%E9%9F%BF%E6%9C%89%E9%99%90-031044099.html,2023-05-16
104,《半導體》台積電反彈重登500關 市值拚站穩13兆元,https://tw.stock.yahoo.com/news/%E5%8D%8A%E5%B0%8E%E9%AB%94-%E5%8F%B0%E7%A9%8D%E9%9B%BB%E5%8F%8D%E5%BD%88%E9%87%8D%E7%99%BB500%E9%97%9C-%E5%B8%82%E5%80%BC%E6%8B%9A%E7%AB%99%E7%A9%A913%E5%85%86%E5%85%83-023016603.html,2023-05-16
105,【Yahoo來選股】巴菲特出清台積電ADR 股神買神山題材面、籌碼面歸零,https://tw.stock.yahoo.com/news/%E3%80%90yahoo%E4%BE%86%E9%81%B8%E8%82%A1%E3%80%91%E5%B7%B4%E8%8F%B2%E7%89%B9%E5%87%BA%E6%B8%85%E5%8F%B0%E7%A9%8D%E9%9B%BBadr-%E8%82%A1%E7%A5%9E%E8%B2%B7%E7%A5%9E%E5%B1%B1%E9%A1%8C%E6%9D%90%E9%9D%A2%E3%80%81%E7%B1%8C%E7%A2%BC%E9%9D%A2%E6%AD%B8%E9%9B%B6-021149832.html,2023-05-16
106,巴菲特閃人…台積電危險了？國外4大咖逆勢敲進 它買最多,https://tw.stock.yahoo.com/news/%E5%B7%B4%E8%8F%B2%E7%89%B9%E9%96%83%E4%BA%BA-%E5%8F%B0%E7%A9%8D%E9%9B%BB%E5%8D%B1%E9%9A%AA%E4%BA%86-%E5%9C%8B%E5%A4%964%E5%A4%A7%E5%92%96%E9%80%86%E5%8B%A2%E6%95%B2%E9%80%B2-%E5%AE%83%E8%B2%B7%E6%9C%80%E5%A4%9A-011219415.html,2023-05-16
107,不甩巴菲特出清 台積電漲7.5元至503 台股勁揚逾130點,https://tw.stock.yahoo.com/news/%E4%B8%8D%E7%94%A9%E5%B7%B4%E8%8F%B2%E7%89%B9%E5%87%BA%E6%B8%85-%E5%8F%B0%E7%A9%8D%E9%9B%BB%E6%BC%B27-5%E5%85%83%E8%87%B3503-%E5%8F%B0%E8%82%A1%E5%8B%81%E6%8F%9A%E9%80%BE130%E9%BB%9E-010152253.html,2023-05-16
108,巴菲特清倉台積電ADR 這幾家投資機構反而逆勢敲進,https://tw.stock.yahoo.com/news/%E5%B7%B4%E8%8F%B2%E7%89%B9%E6%B8%85%E5%80%89%E5%8F%B0%E7%A9%8D%E9%9B%BBadr-%E9%80%99%E5%B9%BE%E5%AE%B6%E6%8A%95%E8%B3%87%E6%A9%9F%E6%A7%8B%E5%8F%8D%E8%80%8C%E9%80%86%E5%8B%A2%E6%95%B2%E9%80%B2-004157696.html,2023-05-16
109,巴菲特不玩了！今年首季賣光台積電持股,https://tw.stock.yahoo.com/news/%E5%B7%B4%E8%8F%B2%E7%89%B9%E4%B8%8D%E7%8E%A9%E4%BA%86-%E4%BB%8A%E5%B9%B4%E9%A6%96%E5%AD%A3%E8%B3%A3%E5%85%89%E5%8F%B0%E7%A9%8D%E9%9B%BB%E6%8C%81%E8%82%A1-000949954.html,2023-05-16
110,台積電ADR獲麥格理、富達、老虎敲進 巴菲特全拋,https://tw.stock.yahoo.com/news/%E5%8F%B0%E7%A9%8D%E9%9B%BBadr%E7%8D%B2%E9%BA%A5%E6%A0%BC%E7%90%86-%E5%AF%8C%E9%81%94-%E8%80%81%E8%99%8E%E6%95%B2%E9%80%B2-%E5%B7%B4%E8%8F%B2%E7%89%B9%E5%85%A8%E6%8B%8B-215600732.html,2023-05-15
111,台積電ADR15日上漲2.23美元漲幅2.67%折台股527.89元,https://tw.stock.yahoo.com/news/%E5%8F%B0%E7%A9%8D%E9%9B%BBadr15%E6%97%A5%E4%B8%8A%E6%BC%B22-23%E7%BE%8E%E5%85%83%E6%BC%B2%E5%B9%852-67-%E6%8A%98%E5%8F%B0%E8%82%A1527-89%E5%85%83-215107121.html,2023-05-15
112,權證市場焦點－家登 後市業績俏,https://tw.stock.yahoo.com/news/%E6%AC%8A%E8%AD%89%E5%B8%82%E5%A0%B4%E7%84%A6%E9%BB%9E-%E5%AE%B6%E7%99%BB-%E5%BE%8C%E5%B8%82%E6%A5%AD%E7%B8%BE%E4%BF%8F-201000683.html,2023-05-15
113,櫃買中心：2家上櫃未如期出具財報,https://tw.stock.yahoo.com/news/%E6%AB%83%E8%B2%B7%E4%B8%AD%E5%BF%83-2%E5%AE%B6%E4%B8%8A%E6%AB%83%E6%9C%AA%E5%A6%82%E6%9C%9F%E5%87%BA%E5%85%B7%E8%B2%A1%E5%A0%B1-114500532.html,2023-05-15
114,蘋果傳6月推實驗性MR頭盔、台積電獨供雙處理器,https://tw.stock.yahoo.com/news/%E8%98%8B%E6%9E%9C%E5%82%B36%E6%9C%88%E6%8E%A8%E5%AF%A6%E9%A9%97%E6%80%A7mr%E9%A0%AD%E7%9B%94-%E5%8F%B0%E7%A9%8D%E9%9B%BB%E7%8D%A8%E4%BE%9B%E9%9B%99%E8%99%95%E7%90%86%E5%99%A8-055600551.html,2023-05-15
115,台積電領先地位動搖？揭工程師短缺困境 他年薪320萬也受不了,https://tw.stock.yahoo.com/news/%E5%8F%B0%E7%A9%8D%E9%9B%BB%E9%A0%98%E5%85%88%E5%9C%B0%E4%BD%8D%E5%8B%95%E6%90%96-%E6%8F%AD%E5%B7%A5%E7%A8%8B%E5%B8%AB%E7%9F%AD%E7%BC%BA%E5%9B%B0%E5%A2%83-%E4%BB%96%E5%B9%B4%E8%96%AA320%E8%90%AC%E4%B9%9F%E5%8F%97%E4%B8%8D%E4%BA%86-014009958.html,2023-05-15
116,美債僵局待解 台股觀望小跌逾40點 台積電平盤震盪,https://tw.stock.yahoo.com/news/%E7%BE%8E%E5%82%B5%E5%83%B5%E5%B1%80%E5%BE%85%E8%A7%A3-%E5%8F%B0%E8%82%A1%E8%A7%80%E6%9C%9B%E5%B0%8F%E8%B7%8C%E9%80%BE40%E9%BB%9E-%E5%8F%B0%E7%A9%8D%E9%9B%BB%E5%B9%B3%E7%9B%A4%E9%9C%87%E7%9B%AA-010106122.html,2023-05-15
117,《晨間解盤》空壓未除 電傳2題材搶戲,https://tw.stock.yahoo.com/news/%E6%99%A8%E9%96%93%E8%A7%A3%E7%9B%A4-%E7%A9%BA%E5%A3%93%E6%9C%AA%E9%99%A4-%E9%9B%BB%E5%82%B32%E9%A1%8C%E6%9D%90%E6%90%B6%E6%88%B2-003747451.html,2023-05-15
118,《產業》兩大疑慮增添隱憂 銀行團怕怕,https://tw.stock.yahoo.com/news/%E7%94%A2%E6%A5%AD-%E5%85%A9%E5%A4%A7%E7%96%91%E6%85%AE%E5%A2%9E%E6%B7%BB%E9%9A%B1%E6%86%82-%E9%8A%80%E8%A1%8C%E5%9C%98%E6%80%95%E6%80%95-234056440.html,2023-05-14
119,兩大疑慮增添隱憂 銀行團怕怕,https://tw.stock.yahoo.com/news/%E5%85%A9%E5%A4%A7%E7%96%91%E6%85%AE%E5%A2%9E%E6%B7%BB%E9%9A%B1%E6%86%82-%E9%8A%80%E8%A1%8C%E5%9C%98%E6%80%95%E6%80%95-201000172.html,2023-05-14
120,台積電美日全球布局擴廠 面臨10大挑戰,https://tw.stock.yahoo.com/news/%E5%8F%B0%E7%A9%8D%E9%9B%BB%E7%BE%8E%E6%97%A5%E5%85%A8%E7%90%83%E5%B8%83%E5%B1%80%E6%93%B4%E5%BB%A0-%E9%9D%A2%E8%87%A810%E5%A4%A7%E6%8C%91%E6%88%B0-043716739.html,2023-05-14
121,《經濟》吃電怪獸 台積電去年又掃走74％綠能憑證,https://tw.stock.yahoo.com/news/%E7%B6%93%E6%BF%9F-%E5%90%83%E9%9B%BB%E6%80%AA%E7%8D%B8-%E5%8F%B0%E7%A9%8D%E9%9B%BB%E5%8E%BB%E5%B9%B4%E5%8F%88%E6%8E%83%E8%B5%B074-%E7%B6%A0%E8%83%BD%E6%86%91%E8%AD%89-021859114.html,2023-05-14
122,《產業》新思助攻 加速啟動台積電N2製程設計,https://tw.stock.yahoo.com/news/%E7%94%A2%E6%A5%AD-%E6%96%B0%E6%80%9D%E5%8A%A9%E6%94%BB-%E5%8A%A0%E9%80%9F%E5%95%9F%E5%8B%95%E5%8F%B0%E7%A9%8D%E9%9B%BBn2%E8%A3%BD%E7%A8%8B%E8%A8%AD%E8%A8%88-014406900.html,2023-05-14
123,台積電3奈米良率佳、鴻海Q1業外大虧、H1進出口年減雙位數 本周大事回顧,https://tw.stock.yahoo.com/news/%E5%8F%B0%E7%A9%8D%E9%9B%BB3%E5%A5%88%E7%B1%B3%E8%89%AF%E7%8E%87%E4%BD%B3-%E9%B4%BB%E6%B5%B7q1%E6%A5%AD%E5%A4%96%E5%A4%A7%E8%99%A7-h1%E9%80%B2%E5%87%BA%E5%8F%A3%E5%B9%B4%E6%B8%9B%E9%9B%99%E4%BD%8D%E6%95%B8-%E6%9C%AC%E5%91%A8%E5%A4%A7%E4%BA%8B%E5%9B%9E%E9%A1%A7-080005420.html,2023-05-13
124,台積電ADR12日持平作收折台股513.23元,https://tw.stock.yahoo.com/news/%E5%8F%B0%E7%A9%8D%E9%9B%BBadr12%E6%97%A5%E6%8C%81%E5%B9%B3%E4%BD%9C%E6%94%B6%E6%8A%98%E5%8F%B0%E8%82%A1513-23%E5%85%83-013622932.html,2023-05-13
125,陳奕光專欄－H2復甦不如預期 大盤拉回低接優質股,https://tw.stock.yahoo.com/news/%E9%99%B3%E5%A5%95%E5%85%89%E5%B0%88%E6%AC%84-h2%E5%BE%A9%E7%94%A6%E4%B8%8D%E5%A6%82%E9%A0%90%E6%9C%9F-%E5%A4%A7%E7%9B%A4%E6%8B%89%E5%9B%9E%E4%BD%8E%E6%8E%A5%E5%84%AA%E8%B3%AA%E8%82%A1-201000875.html,2023-05-12
126,《營建股》欣達環工橋頭廠動土 2026年每日供再生水3萬噸,https://tw.stock.yahoo.com/news/%E7%87%9F%E5%BB%BA%E8%82%A1-%E6%AC%A3%E9%81%94%E7%92%B0%E5%B7%A5%E6%A9%8B%E9%A0%AD%E5%BB%A0%E5%8B%95%E5%9C%9F-2026%E5%B9%B4%E6%AF%8F%E6%97%A5%E4%BE%9B%E5%86%8D%E7%94%9F%E6%B0%B43%E8%90%AC%E5%99%B8-055845401.html,2023-05-12
127,欣陸旗下欣達環工橋頭水資源中心動工，預計2025年底完工,https://tw.stock.yahoo.com/news/%E6%AC%A3%E9%99%B8%E6%97%97%E4%B8%8B%E6%AC%A3%E9%81%94%E7%92%B0%E5%B7%A5%E6%A9%8B%E9%A0%AD%E6%B0%B4%E8%B3%87%E6%BA%90%E4%B8%AD%E5%BF%83%E5%8B%95%E5%B7%A5-%E9%A0%90%E8%A8%882025%E5%B9%B4%E5%BA%95%E5%AE%8C%E5%B7%A5-034802289.html,2023-05-12
128,【Yahoo財經周報】台積周登場！「股利、巴菲特、4月營收、技術論壇」天天有話題,https://tw.stock.yahoo.com/news/%E3%80%90yahoo%E8%B2%A1%E7%B6%93%E5%91%A8%E5%A0%B1%E3%80%91%E5%8F%B0%E7%A9%8D%E5%91%A8%E7%99%BB%E5%A0%B4%EF%BC%81%E3%80%8C%E8%82%A1%E5%88%A9%E3%80%81%E5%B7%B4%E8%8F%B2%E7%89%B9%E3%80%814%E6%9C%88%E7%87%9F%E6%94%B6%E3%80%81%E6%8A%80%E8%A1%93%E8%AB%96%E5%A3%87%E3%80%8D%E5%A4%A9%E5%A4%A9%E6%9C%89%E8%A9%B1%E9%A1%8C-014753142.html,2023-05-12
129,台積電N2P和N2X 2026年推出，互補式場效電晶體CFET是未來製程選項,https://tw.stock.yahoo.com/news/%E5%8F%B0%E7%A9%8D%E9%9B%BBn2p%E5%92%8Cn2x-2026%E5%B9%B4%E6%8E%A8%E5%87%BA-%E4%BA%92%E8%A3%9C%E5%BC%8F%E5%A0%B4%E6%95%88%E9%9B%BB%E6%99%B6%E9%AB%94cfet%E6%98%AF%E6%9C%AA%E4%BE%86%E8%A3%BD%E7%A8%8B%E9%81%B8%E9%A0%85-010514226.html,2023-05-12
130,《各報要聞》台積電：半導體充滿生意契機,https://tw.stock.yahoo.com/news/%E5%90%84%E5%A0%B1%E8%A6%81%E8%81%9E-%E5%8F%B0%E7%A9%8D%E9%9B%BB-%E5%8D%8A%E5%B0%8E%E9%AB%94%E5%85%85%E6%BB%BF%E7%94%9F%E6%84%8F%E5%A5%91%E6%A9%9F-233259051.html,2023-05-11
131,台積電ADR11日下跌1.47美元跌幅1.73%折台股512.89元,https://tw.stock.yahoo.com/news/%E5%8F%B0%E7%A9%8D%E9%9B%BBadr11%E6%97%A5%E4%B8%8B%E8%B7%8C1-47%E7%BE%8E%E5%85%83%E8%B7%8C%E5%B9%851-73-%E6%8A%98%E5%8F%B0%E8%82%A1512-89%E5%85%83-221121369.html,2023-05-11
132,〈台股盤前要聞〉台積電3奈米良率領先、鴻海Q1業外大虧 今日必看財經新聞,https://tw.stock.yahoo.com/news/%E5%8F%B0%E8%82%A1%E7%9B%A4%E5%89%8D%E8%A6%81%E8%81%9E-%E5%8F%B0%E7%A9%8D%E9%9B%BB3%E5%A5%88%E7%B1%B3%E8%89%AF%E7%8E%87%E9%A0%98%E5%85%88-%E9%B4%BB%E6%B5%B7q1%E6%A5%AD%E5%A4%96%E5%A4%A7%E8%99%A7-%E4%BB%8A%E6%97%A5%E5%BF%85%E7%9C%8B%E8%B2%A1%E7%B6%93%E6%96%B0%E8%81%9E-211004999.html,2023-05-11
133,格斯 拚當鋰電池業的台積電,https://tw.stock.yahoo.com/news/%E6%A0%BC%E6%96%AF-%E6%8B%9A%E7%95%B6%E9%8B%B0%E9%9B%BB%E6%B1%A0%E6%A5%AD%E7%9A%84%E5%8F%B0%E7%A9%8D%E9%9B%BB-201000995.html,2023-05-11
134,採‧訪‧線‧上－基層技術員大缺，反映教育資源錯置,https://tw.stock.yahoo.com/news/%E6%8E%A1-%E8%A8%AA-%E7%B7%9A-%E4%B8%8A-%E5%9F%BA%E5%B1%A4%E6%8A%80%E8%A1%93%E5%93%A1%E5%A4%A7%E7%BC%BA-201000735.html,2023-05-11
135,台積電：半導體充滿生意契機,https://tw.stock.yahoo.com/news/%E5%8F%B0%E7%A9%8D%E9%9B%BB-%E5%8D%8A%E5%B0%8E%E9%AB%94%E5%85%85%E6%BB%BF%E7%94%9F%E6%84%8F%E5%A5%91%E6%A9%9F-201000945.html,2023-05-11
136,強化版N3E製程 今年下半量產,https://tw.stock.yahoo.com/news/%E5%BC%B7%E5%8C%96%E7%89%88n3e%E8%A3%BD%E7%A8%8B-%E4%BB%8A%E5%B9%B4%E4%B8%8B%E5%8D%8A%E9%87%8F%E7%94%A2-201000413.html,2023-05-11
137,一文看台積電2023技術論壇亮點 3奈米更全面、2奈米與先進封裝掌握度更高,https://tw.stock.yahoo.com/news/%E4%B8%80%E6%96%87%E7%9C%8B%E5%8F%B0%E7%A9%8D%E9%9B%BB2023%E6%8A%80%E8%A1%93%E8%AB%96%E5%A3%87%E4%BA%AE%E9%BB%9E-3%E5%A5%88%E7%B1%B3%E6%9B%B4%E5%85%A8%E9%9D%A2%E3%80%812%E5%A5%88%E7%B1%B3%E8%88%87%E5%85%88%E9%80%B2%E5%B0%81%E8%A3%9D%E6%8E%8C%E6%8F%A1%E5%BA%A6%E6%9B%B4%E9%AB%98-140619764.html,2023-05-11
138,嫌太貴！頂級基金出清台積電 預告「跌到這」再買,https://tw.stock.yahoo.com/news/%E5%AB%8C%E5%A4%AA%E8%B2%B4-%E9%A0%82%E7%B4%9A%E5%9F%BA%E9%87%91%E5%87%BA%E6%B8%85%E5%8F%B0%E7%A9%8D%E9%9B%BB-%E9%A0%90%E5%91%8A-%E8%B7%8C%E5%88%B0%E9%80%99-%E5%86%8D%E8%B2%B7-120554517.html,2023-05-11
139,面對競爭對手 台積電魏哲家指「這點」是成功關鍵,https://tw.stock.yahoo.com/news/%E9%9D%A2%E5%B0%8D%E7%AB%B6%E7%88%AD%E5%B0%8D%E6%89%8B-%E5%8F%B0%E7%A9%8D%E9%9B%BB%E9%AD%8F%E5%93%B2%E5%AE%B6%E6%8C%87-%E9%80%99%E9%BB%9E-%E6%98%AF%E6%88%90%E5%8A%9F%E9%97%9C%E9%8D%B5-082315858.html,2023-05-11
140,台積電穩健擴充先進製程、特殊製程與3D Fabric先進封裝產能,https://tw.stock.yahoo.com/news/%E5%8F%B0%E7%A9%8D%E9%9B%BB%E7%A9%A9%E5%81%A5%E6%93%B4%E5%85%85%E5%85%88%E9%80%B2%E8%A3%BD%E7%A8%8B-%E7%89%B9%E6%AE%8A%E8%A3%BD%E7%A8%8B%E8%88%873d-fabric%E5%85%88%E9%80%B2%E5%B0%81%E8%A3%9D%E7%94%A2%E8%83%BD-074438027.html,2023-05-11
141,台積電2奈米預計2025年量產，領先全世界，車用客戶急著進入3奈米,https://tw.stock.yahoo.com/news/%E5%8F%B0%E7%A9%8D%E9%9B%BB2%E5%A5%88%E7%B1%B3%E9%A0%90%E8%A8%882025%E5%B9%B4%E9%87%8F%E7%94%A2-%E9%A0%98%E5%85%88%E5%85%A8%E4%B8%96%E7%95%8C-%E8%BB%8A%E7%94%A8%E5%AE%A2%E6%88%B6%E6%80%A5%E8%91%97%E9%80%B2%E5%85%A53%E5%A5%88%E7%B1%B3-074033843.html,2023-05-11
142,台積電：2奈米製程2025年量產 技術會領先全世界,https://tw.stock.yahoo.com/news/%E5%8F%B0%E7%A9%8D%E9%9B%BB-2%E5%A5%88%E7%B1%B3%E8%A3%BD%E7%A8%8B2025%E5%B9%B4%E9%87%8F%E7%94%A2-%E6%8A%80%E8%A1%93%E6%9C%83%E9%A0%98%E5%85%88%E5%85%A8%E4%B8%96%E7%95%8C-071035966.html,2023-05-11
143,智慧車、家庭、城市都要半導體！魏哲家：但沒辦法讓政治家更有智慧,https://tw.stock.yahoo.com/news/%E6%99%BA%E6%85%A7%E8%BB%8A%E3%80%81%E5%AE%B6%E5%BA%AD%E3%80%81%E5%9F%8E%E5%B8%82%E9%83%BD%E8%A6%81%E5%8D%8A%E5%B0%8E%E9%AB%94%EF%BC%81%E9%AD%8F%E5%93%B2%E5%AE%B6%EF%BC%9A%E4%BD%86%E6%B2%92%E8%BE%A6%E6%B3%95%E8%AE%93%E6%94%BF%E6%B2%BB%E5%AE%B6%E6%9B%B4%E6%9C%89%E6%99%BA%E6%85%A7-065605054.html,2023-05-11
144,美新興市場ETF投資人搶進台積電、印度 避開中國,https://tw.stock.yahoo.com/news/%E7%BE%8E%E6%96%B0%E8%88%88%E5%B8%82%E5%A0%B4etf%E6%8A%95%E8%B3%87%E4%BA%BA%E6%90%B6%E9%80%B2%E5%8F%B0%E7%A9%8D%E9%9B%BB-%E5%8D%B0%E5%BA%A6-%E9%81%BF%E9%96%8B%E4%B8%AD%E5%9C%8B-052900932.html,2023-05-11
145,《半導體》魏哲家：半導體充滿商機 僅台積電能無私合作,https://tw.stock.yahoo.com/news/%E5%8D%8A%E5%B0%8E%E9%AB%94-%E9%AD%8F%E5%93%B2%E5%AE%B6-%E5%8D%8A%E5%B0%8E%E9%AB%94%E5%85%85%E6%BB%BF%E5%95%86%E6%A9%9F-%E5%83%85%E5%8F%B0%E7%A9%8D%E9%9B%BB%E8%83%BD%E7%84%A1%E7%A7%81%E5%90%88%E4%BD%9C-052310022.html,2023-05-11
146,台積電台灣技術論壇登場 聯發科總經理陳冠州站台,https://tw.stock.yahoo.com/news/%E5%8F%B0%E7%A9%8D%E9%9B%BB%E5%8F%B0%E7%81%A3%E6%8A%80%E8%A1%93%E8%AB%96%E5%A3%87%E7%99%BB%E5%A0%B4-%E8%81%AF%E7%99%BC%E7%A7%91%E7%B8%BD%E7%B6%93%E7%90%86%E9%99%B3%E5%86%A0%E5%B7%9E%E7%AB%99%E5%8F%B0-050943695.html,2023-05-11
147,台積電萬睿洋：各國加碼投資半導體，樂見AI廣泛運用與深層發展,https://tw.stock.yahoo.com/news/%E5%8F%B0%E7%A9%8D%E9%9B%BB%E8%90%AC%E7%9D%BF%E6%B4%8B-%E5%90%84%E5%9C%8B%E5%8A%A0%E7%A2%BC%E6%8A%95%E8%B3%87%E5%8D%8A%E5%B0%8E%E9%AB%94-%E6%A8%82%E8%A6%8Bai%E5%BB%A3%E6%B3%9B%E9%81%8B%E7%94%A8%E8%88%87%E6%B7%B1%E5%B1%A4%E7%99%BC%E5%B1%95-045151131.html,2023-05-11
148,魏哲家稱疫情體現晶片重要性，現下晶片微縮有其侷限，先進封裝更重要,https://tw.stock.yahoo.com/news/%E9%AD%8F%E5%93%B2%E5%AE%B6%E7%A8%B1%E7%96%AB%E6%83%85%E9%AB%94%E7%8F%BE%E6%99%B6%E7%89%87%E9%87%8D%E8%A6%81%E6%80%A7-%E7%8F%BE%E4%B8%8B%E6%99%B6%E7%89%87%E5%BE%AE%E7%B8%AE%E6%9C%89%E5%85%B6%E4%BE%B7%E9%99%90-%E5%85%88%E9%80%B2%E5%B0%81%E8%A3%9D%E6%9B%B4%E9%87%8D%E8%A6%81-043722378.html,2023-05-11
149,魏哲家：智慧家庭、城市要靠半導體 充滿生意契機,https://tw.stock.yahoo.com/news/%E9%AD%8F%E5%93%B2%E5%AE%B6-%E6%99%BA%E6%85%A7%E5%AE%B6%E5%BA%AD-%E5%9F%8E%E5%B8%82%E8%A6%81%E9%9D%A0%E5%8D%8A%E5%B0%8E%E9%AB%94-%E5%85%85%E6%BB%BF%E7%94%9F%E6%84%8F%E5%A5%91%E6%A9%9F-043226240.html,2023-05-11
150,放話5年內超車！韓媒曝台積電這1事洩警訊 三星有機可乘,https://tw.stock.yahoo.com/news/%E6%94%BE%E8%A9%B15%E5%B9%B4%E5%85%A7%E8%B6%85%E8%BB%8A-%E9%9F%93%E5%AA%92%E6%9B%9D%E5%8F%B0%E7%A9%8D%E9%9B%BB%E9%80%991%E4%BA%8B%E6%B4%A9%E8%AD%A6%E8%A8%8A-%E4%B8%89%E6%98%9F%E6%9C%89%E6%A9%9F%E5%8F%AF%E4%B9%98-033509841.html,2023-05-11
151,台積電小開高 台股平盤上下狹幅震盪,https://tw.stock.yahoo.com/news/%E5%8F%B0%E7%A9%8D%E9%9B%BB%E5%B0%8F%E9%96%8B%E9%AB%98-%E5%8F%B0%E8%82%A1%E5%B9%B3%E7%9B%A4%E4%B8%8A%E4%B8%8B%E7%8B%B9%E5%B9%85%E9%9C%87%E7%9B%AA-012529275.html,2023-05-11
152,【盤前焦點】美4月通膨降溫 台積電持續扮演信心指標,https://tw.stock.yahoo.com/news/%E7%9B%A4%E5%89%8D%E7%84%A6%E9%BB%9E-%E7%BE%8E4%E6%9C%88%E9%80%9A%E8%86%A8%E9%99%8D%E6%BA%AB-%E5%8F%B0%E7%A9%8D%E9%9B%BB%E6%8C%81%E7%BA%8C%E6%89%AE%E6%BC%94%E4%BF%A1%E5%BF%83%E6%8C%87%E6%A8%99-003339301.html,2023-05-11
153,《半導體》台積電力守500元大關,https://tw.stock.yahoo.com/news/%E5%8D%8A%E5%B0%8E%E9%AB%94-%E5%8F%B0%E7%A9%8D%E9%9B%BB%E5%8A%9B%E5%AE%88500%E5%85%83%E5%A4%A7%E9%97%9C-000915869.html,2023-05-11
154,《半導體》台積電4月營收終止連二衰 外資：合預期,https://tw.stock.yahoo.com/news/%E5%8D%8A%E5%B0%8E%E9%AB%94-%E5%8F%B0%E7%A9%8D%E9%9B%BB4%E6%9C%88%E7%87%9F%E6%94%B6%E7%B5%82%E6%AD%A2%E9%80%A3%E4%BA%8C%E8%A1%B0-%E5%A4%96%E8%B3%87-%E5%90%88%E9%A0%90%E6%9C%9F-235054847.html,2023-05-10
155,《各報要聞》醞釀爆發 台積營收重返月增,https://tw.stock.yahoo.com/news/%E5%90%84%E5%A0%B1%E8%A6%81%E8%81%9E-%E9%86%9E%E9%87%80%E7%88%86%E7%99%BC-%E5%8F%B0%E7%A9%8D%E7%87%9F%E6%94%B6%E9%87%8D%E8%BF%94%E6%9C%88%E5%A2%9E-235044498.html,2023-05-10
156,台積電ADR10日下跌0.16美元跌幅0.19%折台股521.78元,https://tw.stock.yahoo.com/news/%E5%8F%B0%E7%A9%8D%E9%9B%BBadr10%E6%97%A5%E4%B8%8B%E8%B7%8C0-16%E7%BE%8E%E5%85%83%E8%B7%8C%E5%B9%850-19-%E6%8A%98%E5%8F%B0%E8%82%A1521-78%E5%85%83-215650294.html,2023-05-10
157,終止連二衰 外資：合預期,https://tw.stock.yahoo.com/news/%E7%B5%82%E6%AD%A2%E9%80%A3%E4%BA%8C%E8%A1%B0-%E5%A4%96%E8%B3%87-%E5%90%88%E9%A0%90%E6%9C%9F-201000730.html,2023-05-10
158,醞釀爆發 台積營收重返月增,https://tw.stock.yahoo.com/news/%E9%86%9E%E9%87%80%E7%88%86%E7%99%BC-%E5%8F%B0%E7%A9%8D%E7%87%9F%E6%94%B6%E9%87%8D%E8%BF%94%E6%9C%88%E5%A2%9E-201000708.html,2023-05-10
159,台積電 力守500元大關,https://tw.stock.yahoo.com/news/%E5%8F%B0%E7%A9%8D%E9%9B%BB-%E5%8A%9B%E5%AE%88500%E5%85%83%E5%A4%A7%E9%97%9C-201000410.html,2023-05-10
160,台積攜手地方 辦高中職就業博覽會,https://tw.stock.yahoo.com/news/%E5%8F%B0%E7%A9%8D%E6%94%9C%E6%89%8B%E5%9C%B0%E6%96%B9-%E8%BE%A6%E9%AB%98%E4%B8%AD%E8%81%B7%E5%B0%B1%E6%A5%AD%E5%8D%9A%E8%A6%BD%E6%9C%83-201000164.html,2023-05-10
161,工研院估台灣半導體今年產值4.24兆元 恐減12.1%,https://tw.stock.yahoo.com/news/%E5%B7%A5%E7%A0%94%E9%99%A2%E4%BC%B0%E5%8F%B0%E7%81%A3%E5%8D%8A%E5%B0%8E%E9%AB%94%E4%BB%8A%E5%B9%B4%E7%94%A2%E5%80%BC4-24%E5%85%86%E5%85%83-%E6%81%90%E6%B8%9B12-1-115809948.html,2023-05-10
162,離開台積電創業慘賠2千萬 工程師研發雲端販賣機東山再起,https://tw.stock.yahoo.com/news/%E9%9B%A2%E9%96%8B%E5%8F%B0%E7%A9%8D%E9%9B%BB%E5%89%B5%E6%A5%AD%E6%85%98%E8%B3%A02%E5%8D%83%E8%90%AC-%E5%B7%A5%E7%A8%8B%E5%B8%AB%E7%A0%94%E7%99%BC%E9%9B%B2%E7%AB%AF%E8%B2%A9%E8%B3%A3%E6%A9%9F%E6%9D%B1%E5%B1%B1%E5%86%8D%E8%B5%B7-085924752.html,2023-05-10
163,不畏地緣政治緊張 英特格全球最大製造基地高雄啟用,https://tw.stock.yahoo.com/news/%E4%B8%8D%E7%95%8F%E5%9C%B0%E7%B7%A3%E6%94%BF%E6%B2%BB%E7%B7%8A%E5%BC%B5-%E8%8B%B1%E7%89%B9%E6%A0%BC%E5%85%A8%E7%90%83%E6%9C%80%E5%A4%A7%E8%A3%BD%E9%80%A0%E5%9F%BA%E5%9C%B0%E9%AB%98%E9%9B%84%E5%95%9F%E7%94%A8-074342266.html,2023-05-10
164,經濟及地緣政治因素，基金經理Pines稱台積電須跌15～20%才考慮入手,https://tw.stock.yahoo.com/news/%E7%B6%93%E6%BF%9F%E5%8F%8A%E5%9C%B0%E7%B7%A3%E6%94%BF%E6%B2%BB%E5%9B%A0%E7%B4%A0-%E5%9F%BA%E9%87%91%E7%B6%93%E7%90%86pines%E7%A8%B1%E5%8F%B0%E7%A9%8D%E9%9B%BB%E9%A0%88%E8%B7%8C15-20-%E6%89%8D%E8%80%83%E6%85%AE%E5%85%A5%E6%89%8B-073915133.html,2023-05-10
165,台積電4月業績微增，第二季營運將可落底，下半年反彈,https://tw.stock.yahoo.com/news/%E5%8F%B0%E7%A9%8D%E9%9B%BB4%E6%9C%88%E6%A5%AD%E7%B8%BE%E5%BE%AE%E5%A2%9E-%E7%AC%AC%E4%BA%8C%E5%AD%A3%E7%87%9F%E9%81%8B%E5%B0%87%E5%8F%AF%E8%90%BD%E5%BA%95-%E4%B8%8B%E5%8D%8A%E5%B9%B4%E5%8F%8D%E5%BD%88-072004575.html,2023-05-10
166,台積電菜鳥崩潰！他收公司信驚見1通知 內行：打預防針,https://tw.stock.yahoo.com/news/%E5%8F%B0%E7%A9%8D%E9%9B%BB%E8%8F%9C%E9%B3%A5%E5%B4%A9%E6%BD%B0-%E4%BB%96%E7%88%86%E5%85%AC%E5%8F%B8%E7%99%BC%E4%BF%A1-%E5%88%86%E7%B4%85%E6%B8%9B%E5%B0%91-%E5%85%A7%E8%A1%8C-%E6%89%93%E9%A0%90%E9%98%B2%E9%87%9D-071039898.html,2023-05-10
167,台積電4月營收 月增1.7％、年減14.3％,https://tw.stock.yahoo.com/news/%E5%8F%B0%E7%A9%8D%E9%9B%BB4%E6%9C%88%E7%87%9F%E6%94%B6-%E6%9C%88%E5%A2%9E1-7-%E5%B9%B4%E6%B8%9B14-3-065340867.html,2023-05-10
168,【公告】台積電 2023年4月合併營收1479億元 年增-14.29%,https://tw.stock.yahoo.com/news/%E5%85%AC%E5%91%8A-%E5%8F%B0%E7%A9%8D%E9%9B%BB-2023%E5%B9%B44%E6%9C%88%E5%90%88%E4%BD%B5%E7%87%9F%E6%94%B61479%E5%84%84%E5%85%83-%E5%B9%B4%E5%A2%9E-14-063226505.html,2023-05-10
169,台積電4月營收1479億、月增1.7％ 中止連2個月下滑,https://tw.stock.yahoo.com/news/%E5%8F%B0%E7%A9%8D%E9%9B%BB4%E6%9C%88%E7%87%9F%E6%94%B61479%E5%84%84-%E6%9C%88%E5%A2%9E1-7-%E4%B8%AD%E6%AD%A2%E9%80%A32%E5%80%8B%E6%9C%88%E4%B8%8B%E6%BB%91-061852123.html,2023-05-10
